product;type_of_work;quantity;price
4 ОВАЛЫ для покрытий зеленый;ПК1 - проложить4Н строчку на 4отверствия;0;3.98
4 ОВАЛЫ для покрытий зеленый;ПК2 - УЗ скрепить шов;0;0.69
4 ОВАЛЫ для покрытий синий;ПК1 - проложить4Н строчку на 4отверствия;0;3.98
4 ОВАЛЫ для покрытий синий;ПК2 - УЗ скрепить шов;0;0.69
Ангиография 2м покрытий зеленый;ПК1-2 - строчку на 2отверствия;0;1.99
Ангиография 2м покрытий зеленый;ПК2 - УЗ скрепить шов;0;1.38
Ангиография 2м покрытий синий;ПК1-2 - строчку на 2отверствия;0;1.99
Ангиография 2м покрытий синий;ПК2 - УЗ скрепить шов;0;1.38
Бахил зеленый;Б1 - Проверить комплектность кроя. Стачать бахил  совмещая срезы,подставляя две  завязки. (пара);0;1.3
Бахил зеленый короткие;Б1/3 - Проверить комплектность кроя. Стачать бахил  совмещая срезы,подставляя две  завязки. (пара);0;0.85
Бахил зеленый короткие;Б2/3 - настрочить резинку по верху бахилы (предварительно нарезать по размеру);0;0.76
Бахил зеленый короткие;Б3/3 - настрочить резинку по центру бахилы (предварительно нарезать по размеру);0;0.85
Бахил ЛАМИНАТ зеленый;Б1/2 - Проверить комплектность кроя. Стачать бахил  совмещая срезы,подставляя две  завязки. (пара)+шов по середине;0;1.78
Бахил ЛАМИНАТ синий;Б1/2 - Проверить комплектность кроя. Стачать бахил  совмещая срезы,подставляя две  завязки. (пара)+шов по середине;0;1.78
Бахил синий;Б1 - Проверить комплектность кроя. Стачать бахил  совмещая срезы,подставляя две  завязки. (пара);0;1.3
Бахил синий короткие;Б1/3 - Проверить комплектность кроя. Стачать бахил  совмещая срезы,подставляя две  завязки. (пара);0;0.85
Бахил синий короткие;Б2/3 - настрочить резинку по верху бахилы (предварительно нарезать по размеру);0;0.76
Бахил синий короткие;Б3/3 - настрочить резинку по центру бахилы (предварительно нарезать по размеру);0;0.85
Детский комплект;ДК-1 - Стачать шапочку;0;0.95
Детский комплект;ДК-2 - Окантовка шапочки;0;1.42
Детский комплект;ДК-3 - Бахилы;0;1.54
Детский комплект;ДК-4 - Распашонка;0;1.78
Кардиология2 ОВАЛЫ для покрытий зеленый;ПК1-2 - строчку на 2отверствия;0;1.99
Кардиология2 ОВАЛЫ для покрытий зеленый;ПК2-2 - УЗ скрепить шов;0;0.69
Кардиология2 ОВАЛЫ для покрытий синий;ПК1-2 - строчку на 2отверствия;0;1.99
Кардиология2 ОВАЛЫ для покрытий синий;ПК2-2 - УЗ скрепить шов;0;0.69
Квадрат артроскопия;Квадрат;0;1.73
Комбенизон цельнокроенный L зеленый;КЦ-1 - Проверить комплектность кроя. Разложить по пачкам запускаа;0;0.0
Комбенизон цельнокроенный L зеленый;КЦ-10 - Стачать шаговый шов-2 дет.;0;1.47
Комбенизон цельнокроенный L зеленый;КЦ-11 - Обработать  низ комбенизона резинкой -2 дет.;0;1.54
Комбенизон цельнокроенный L зеленый;КЦ-12 - Стачать шов сидения.(до надсечки)совмещая шаговый шов.;0;1.16
Комбенизон цельнокроенный L зеленый;КЦ-13 - Настрочить резинку по спинке;0;0.95
Комбенизон цельнокроенный L зеленый;КЦ-14 - Втачать капюшон в горловину.;0;1.3
Комбенизон цельнокроенный L зеленый;КЦ-15 - Стачать верхнюю часть комбеза с нижней частью, совмещая боковые швы.;0;1.78
Комбенизон цельнокроенный L зеленый;КЦ-16 - надеть собачку.25;0;0.81
Комбенизон цельнокроенный L зеленый;КЦ-17 - Притачать молнию к пластрону;0;0.95
Комбенизон цельнокроенный L зеленый;КЦ-18 - Притачать молнию с пластроном,заворачивая верхнюю часть пластрона. На правую полочку.;0;1.54
Комбенизон цельнокроенный L зеленый;КЦ-19 - Притачать молнию к левой полочке;0;1.54
Комбенизон цельнокроенный L зеленый;КЦ-2 - Сложить планку пополам,обтачать концы,вывернуть планку-1 дет.;0;0.71
Комбенизон цельнокроенный L зеленый;КЦ-20 - Закрепить нижний срез планки  отд.строчкой.;0;0.59
Комбенизон цельнокроенный L зеленый;КЦ-21 - сшить слонку;0;0.31
Комбенизон цельнокроенный L зеленый;КЦ-22 (С5) - Резинка рукава;0;1.28
Комбенизон цельнокроенный L зеленый;КЦ-3 - Стачать капюшон -2 дет. Притачать к средней детали левую и правую часть.;0;1.09
Комбенизон цельнокроенный L зеленый;КЦ-4 - Обшить лицевой срез капюшона резинкой;0;0.88
Комбенизон цельнокроенный L зеленый;"КЦ-5 - Стачать средний шов спинки ""ВЕРХНЯЯ ЧАСТЬ КОМБЕНИЗОНА""";0;0.88
Комбенизон цельнокроенный L зеленый;КЦ-7 - Стачать нижний шов рукава-2 дет.;0;1.35
Комбенизон цельнокроенный L синий;КЦ-1 - Проверить комплектность кроя. Разложить по пачкам запускаа;0;0.0
Комбенизон цельнокроенный L синий;КЦ-10 - Стачать шаговый шов-2 дет.;0;1.47
Комбенизон цельнокроенный L синий;КЦ-11 - Обработать  низ комбенизона резинкой -2 дет.;0;1.54
Комбенизон цельнокроенный L синий;КЦ-12 - Стачать шов сидения.(до надсечки)совмещая шаговый шов.;0;1.16
Комбенизон цельнокроенный L синий;КЦ-13 - Настрочить резинку по спинке;0;0.95
Комбенизон цельнокроенный L синий;КЦ-14 - Втачать капюшон в горловину.;0;1.3
Комбенизон цельнокроенный L синий;КЦ-15 - Стачать верхнюю часть комбеза с нижней частью, совмещая боковые швы.;0;1.78
Комбенизон цельнокроенный L синий;КЦ-16 - надеть собачку.25;0;0.81
Комбенизон цельнокроенный L синий;КЦ-17 - Притачать молнию к пластрону;0;0.95
Комбенизон цельнокроенный L синий;КЦ-18 - Притачать молнию с пластроном,заворачивая верхнюю часть пластрона. На правую полочку.;0;1.54
Комбенизон цельнокроенный L синий;КЦ-19 - Притачать молнию к левой полочке;0;1.54
Комбенизон цельнокроенный L синий;КЦ-2 - Сложить планку пополам,обтачать концы,вывернуть планку-1 дет.;0;0.71
Комбенизон цельнокроенный L синий;КЦ-20 - Закрепить нижний срез планки  отд.строчкой.;0;0.59
Комбенизон цельнокроенный L синий;КЦ-21 - сшить слонку;0;0.31
Комбенизон цельнокроенный L синий;КЦ-22 (С5) - Резинка рукава;0;1.28
Комбенизон цельнокроенный L синий;КЦ-3 - Стачать капюшон -2 дет. Притачать к средней детали левую и правую часть.;0;1.09
Комбенизон цельнокроенный L синий;КЦ-4 - Обшить лицевой срез капюшона резинкой;0;0.88
Комбенизон цельнокроенный L синий;"КЦ-5 - Стачать средний шов спинки ""ВЕРХНЯЯ ЧАСТЬ КОМБЕНИЗОНА""";0;0.88
Комбенизон цельнокроенный L синий;КЦ-7 - Стачать нижний шов рукава-2 дет.;0;1.35
Комбенизон цельнокроенный M зеленый;КЦ-1 - Проверить комплектность кроя. Разложить по пачкам запускаа;0;0.0
Комбенизон цельнокроенный M зеленый;КЦ-10 - Стачать шаговый шов-2 дет.;0;1.47
Комбенизон цельнокроенный M зеленый;КЦ-11 - Обработать  низ комбенизона резинкой -2 дет.;0;1.54
Комбенизон цельнокроенный M зеленый;КЦ-12 - Стачать шов сидения.(до надсечки)совмещая шаговый шов.;0;1.16
Комбенизон цельнокроенный M зеленый;КЦ-13 - Настрочить резинку по спинке;0;0.95
Комбенизон цельнокроенный M зеленый;КЦ-14 - Втачать капюшон в горловину.;0;1.3
Комбенизон цельнокроенный M зеленый;КЦ-15 - Стачать верхнюю часть комбеза с нижней частью, совмещая боковые швы.;0;1.78
Комбенизон цельнокроенный M зеленый;КЦ-16 - надеть собачку.25;0;0.81
Комбенизон цельнокроенный M зеленый;КЦ-17 - Притачать молнию к пластрону;0;0.95
Комбенизон цельнокроенный M зеленый;КЦ-18 - Притачать молнию с пластроном,заворачивая верхнюю часть пластрона. На правую полочку.;0;1.54
Комбенизон цельнокроенный M зеленый;КЦ-19 - Притачать молнию к левой полочке;0;1.54
Комбенизон цельнокроенный M зеленый;КЦ-2 - Сложить планку пополам,обтачать концы,вывернуть планку-1 дет.;0;0.71
Комбенизон цельнокроенный M зеленый;КЦ-20 - Закрепить нижний срез планки  отд.строчкой.;0;0.59
Комбенизон цельнокроенный M зеленый;КЦ-21 - сшить слонку;0;0.31
Комбенизон цельнокроенный M зеленый;КЦ-22 (С5) - Резинка рукава;0;1.28
Комбенизон цельнокроенный M зеленый;КЦ-3 - Стачать капюшон -2 дет. Притачать к средней детали левую и правую часть.;0;1.09
Комбенизон цельнокроенный M зеленый;КЦ-4 - Обшить лицевой срез капюшона резинкой;0;0.88
Комбенизон цельнокроенный M зеленый;"КЦ-5 - Стачать средний шов спинки ""ВЕРХНЯЯ ЧАСТЬ КОМБЕНИЗОНА""";0;0.88
Комбенизон цельнокроенный M зеленый;КЦ-7 - Стачать нижний шов рукава-2 дет.;0;1.35
Комбенизон цельнокроенный M синий;КЦ-1 - Проверить комплектность кроя. Разложить по пачкам запускаа;0;0.0
Комбенизон цельнокроенный M синий;КЦ-10 - Стачать шаговый шов-2 дет.;0;1.47
Комбенизон цельнокроенный M синий;КЦ-11 - Обработать  низ комбенизона резинкой -2 дет.;0;1.54
Комбенизон цельнокроенный M синий;КЦ-12 - Стачать шов сидения.(до надсечки)совмещая шаговый шов.;0;1.16
Комбенизон цельнокроенный M синий;КЦ-13 - Настрочить резинку по спинке;0;0.95
Комбенизон цельнокроенный M синий;КЦ-14 - Втачать капюшон в горловину.;0;1.3
Комбенизон цельнокроенный M синий;КЦ-15 - Стачать верхнюю часть комбеза с нижней частью, совмещая боковые швы.;0;1.78
Комбенизон цельнокроенный M синий;КЦ-16 - надеть собачку.25;0;0.81
Комбенизон цельнокроенный M синий;КЦ-17 - Притачать молнию к пластрону;0;0.95
Комбенизон цельнокроенный M синий;КЦ-18 - Притачать молнию с пластроном,заворачивая верхнюю часть пластрона. На правую полочку.;0;1.54
Комбенизон цельнокроенный M синий;КЦ-19 - Притачать молнию к левой полочке;0;1.54
Комбенизон цельнокроенный M синий;КЦ-2 - Сложить планку пополам,обтачать концы,вывернуть планку-1 дет.;0;0.71
Комбенизон цельнокроенный M синий;КЦ-20 - Закрепить нижний срез планки  отд.строчкой.;0;0.59
Комбенизон цельнокроенный M синий;КЦ-21 - сшить слонку;0;0.31
Комбенизон цельнокроенный M синий;КЦ-22 (С5) - Резинка рукава;0;1.28
Комбенизон цельнокроенный M синий;КЦ-3 - Стачать капюшон -2 дет. Притачать к средней детали левую и правую часть.;0;1.09
Комбенизон цельнокроенный M синий;КЦ-4 - Обшить лицевой срез капюшона резинкой;0;0.88
Комбенизон цельнокроенный M синий;"КЦ-5 - Стачать средний шов спинки ""ВЕРХНЯЯ ЧАСТЬ КОМБЕНИЗОНА""";0;0.88
Комбенизон цельнокроенный M синий;КЦ-7 - Стачать нижний шов рукава-2 дет.;0;1.35
Комбенизон цельнокроенный XL зеленый;КЦ-1 - Проверить комплектность кроя. Разложить по пачкам запускаа;0;0.0
Комбенизон цельнокроенный XL зеленый;КЦ-10 - Стачать шаговый шов-2 дет.;0;1.47
Комбенизон цельнокроенный XL зеленый;КЦ-11 - Обработать  низ комбенизона резинкой -2 дет.;0;1.54
Комбенизон цельнокроенный XL зеленый;КЦ-12 - Стачать шов сидения.(до надсечки)совмещая шаговый шов.;0;1.16
Комбенизон цельнокроенный XL зеленый;КЦ-13 - Настрочить резинку по спинке;0;0.95
Комбенизон цельнокроенный XL зеленый;КЦ-14 - Втачать капюшон в горловину.;0;1.3
Комбенизон цельнокроенный XL зеленый;КЦ-15 - Стачать верхнюю часть комбеза с нижней частью, совмещая боковые швы.;0;1.78
Комбенизон цельнокроенный XL зеленый;КЦ-16 - надеть собачку.25;0;0.81
Комбенизон цельнокроенный XL зеленый;КЦ-17 - Притачать молнию к пластрону;0;0.95
Комбенизон цельнокроенный XL зеленый;КЦ-18 - Притачать молнию с пластроном,заворачивая верхнюю часть пластрона. На правую полочку.;0;1.54
Комбенизон цельнокроенный XL зеленый;КЦ-19 - Притачать молнию к левой полочке;0;1.54
Комбенизон цельнокроенный XL зеленый;КЦ-2 - Сложить планку пополам,обтачать концы,вывернуть планку-1 дет.;0;0.71
Комбенизон цельнокроенный XL зеленый;КЦ-20 - Закрепить нижний срез планки  отд.строчкой.;0;0.59
Комбенизон цельнокроенный XL зеленый;КЦ-21 - сшить слонку;0;0.31
Комбенизон цельнокроенный XL зеленый;КЦ-22 (С5) - Резинка рукава;0;1.28
Комбенизон цельнокроенный XL зеленый;КЦ-3 - Стачать капюшон -2 дет. Притачать к средней детали левую и правую часть.;0;1.09
Комбенизон цельнокроенный XL зеленый;КЦ-4 - Обшить лицевой срез капюшона резинкой;0;0.88
Комбенизон цельнокроенный XL зеленый;"КЦ-5 - Стачать средний шов спинки ""ВЕРХНЯЯ ЧАСТЬ КОМБЕНИЗОНА""";0;0.88
Комбенизон цельнокроенный XL зеленый;КЦ-7 - Стачать нижний шов рукава-2 дет.;0;1.35
Комбенизон цельнокроенный XL синий;КЦ-1 - Проверить комплектность кроя. Разложить по пачкам запускаа;0;0.0
Комбенизон цельнокроенный XL синий;КЦ-10 - Стачать шаговый шов-2 дет.;0;1.47
Комбенизон цельнокроенный XL синий;КЦ-11 - Обработать  низ комбенизона резинкой -2 дет.;0;1.54
Комбенизон цельнокроенный XL синий;КЦ-12 - Стачать шов сидения.(до надсечки)совмещая шаговый шов.;0;1.16
Комбенизон цельнокроенный XL синий;КЦ-13 - Настрочить резинку по спинке;0;0.95
Комбенизон цельнокроенный XL синий;КЦ-14 - Втачать капюшон в горловину.;0;1.3
Комбенизон цельнокроенный XL синий;КЦ-15 - Стачать верхнюю часть комбеза с нижней частью, совмещая боковые швы.;0;1.78
Комбенизон цельнокроенный XL синий;КЦ-16 - надеть собачку.25;0;0.81
Комбенизон цельнокроенный XL синий;КЦ-17 - Притачать молнию к пластрону;0;0.95
Комбенизон цельнокроенный XL синий;КЦ-18 - Притачать молнию с пластроном,заворачивая верхнюю часть пластрона. На правую полочку.;0;1.54
Комбенизон цельнокроенный XL синий;КЦ-19 - Притачать молнию к левой полочке;0;1.54
Комбенизон цельнокроенный XL синий;КЦ-2 - Сложить планку пополам,обтачать концы,вывернуть планку-1 дет.;0;0.71
Комбенизон цельнокроенный XL синий;КЦ-20 - Закрепить нижний срез планки  отд.строчкой.;0;0.59
Комбенизон цельнокроенный XL синий;КЦ-21 - сшить слонку;0;0.31
Комбенизон цельнокроенный XL синий;КЦ-22 (С5) - Резинка рукава;0;1.28
Комбенизон цельнокроенный XL синий;КЦ-3 - Стачать капюшон -2 дет. Притачать к средней детали левую и правую часть.;0;1.09
Комбенизон цельнокроенный XL синий;КЦ-4 - Обшить лицевой срез капюшона резинкой;0;0.88
Комбенизон цельнокроенный XL синий;"КЦ-5 - Стачать средний шов спинки ""ВЕРХНЯЯ ЧАСТЬ КОМБЕНИЗОНА""";0;0.88
Комбенизон цельнокроенный XL синий;КЦ-7 - Стачать нижний шов рукава-2 дет.;0;1.35
Комбенизон цельнокроенный XXL зеленый;КЦ-1 - Проверить комплектность кроя. Разложить по пачкам запускаа;0;0.0
Комбенизон цельнокроенный XXL зеленый;КЦ-10 - Стачать шаговый шов-2 дет.;0;1.47
Комбенизон цельнокроенный XXL зеленый;КЦ-11 - Обработать  низ комбенизона резинкой -2 дет.;0;1.54
Комбенизон цельнокроенный XXL зеленый;КЦ-12 - Стачать шов сидения.(до надсечки)совмещая шаговый шов.;0;1.16
Комбенизон цельнокроенный XXL зеленый;КЦ-13 - Настрочить резинку по спинке;0;0.95
Комбенизон цельнокроенный XXL зеленый;КЦ-14 - Втачать капюшон в горловину.;0;1.3
Комбенизон цельнокроенный XXL зеленый;КЦ-15 - Стачать верхнюю часть комбеза с нижней частью, совмещая боковые швы.;0;1.78
Комбенизон цельнокроенный XXL зеленый;КЦ-16 - надеть собачку.25;0;0.81
Комбенизон цельнокроенный XXL зеленый;КЦ-17 - Притачать молнию к пластрону;0;0.95
Комбенизон цельнокроенный XXL зеленый;КЦ-18 - Притачать молнию с пластроном,заворачивая верхнюю часть пластрона. На правую полочку.;0;1.54
Комбенизон цельнокроенный XXL зеленый;КЦ-19 - Притачать молнию к левой полочке;0;1.54
Комбенизон цельнокроенный XXL зеленый;КЦ-2 - Сложить планку пополам,обтачать концы,вывернуть планку-1 дет.;0;0.71
Комбенизон цельнокроенный XXL зеленый;КЦ-20 - Закрепить нижний срез планки  отд.строчкой.;0;0.59
Комбенизон цельнокроенный XXL зеленый;КЦ-21 - сшить слонку;0;0.31
Комбенизон цельнокроенный XXL зеленый;КЦ-22 (С5) - Резинка рукава;0;1.28
Комбенизон цельнокроенный XXL зеленый;КЦ-3 - Стачать капюшон -2 дет. Притачать к средней детали левую и правую часть.;0;1.09
Комбенизон цельнокроенный XXL зеленый;КЦ-4 - Обшить лицевой срез капюшона резинкой;0;0.88
Комбенизон цельнокроенный XXL зеленый;"КЦ-5 - Стачать средний шов спинки ""ВЕРХНЯЯ ЧАСТЬ КОМБЕНИЗОНА""";0;0.88
Комбенизон цельнокроенный XXL зеленый;КЦ-7 - Стачать нижний шов рукава-2 дет.;0;1.35
Комбенизон цельнокроенный XXL синий;КЦ-1 - Проверить комплектность кроя. Разложить по пачкам запускаа;0;0.0
Комбенизон цельнокроенный XXL синий;КЦ-10 - Стачать шаговый шов-2 дет.;0;1.47
Комбенизон цельнокроенный XXL синий;КЦ-11 - Обработать  низ комбенизона резинкой -2 дет.;0;1.54
Комбенизон цельнокроенный XXL синий;КЦ-12 - Стачать шов сидения.(до надсечки)совмещая шаговый шов.;0;1.16
Комбенизон цельнокроенный XXL синий;КЦ-13 - Настрочить резинку по спинке;0;0.95
Комбенизон цельнокроенный XXL синий;КЦ-14 - Втачать капюшон в горловину.;0;1.3
Комбенизон цельнокроенный XXL синий;КЦ-15 - Стачать верхнюю часть комбеза с нижней частью, совмещая боковые швы.;0;1.78
Комбенизон цельнокроенный XXL синий;КЦ-16 - надеть собачку.25;0;0.81
Комбенизон цельнокроенный XXL синий;КЦ-17 - Притачать молнию к пластрону;0;0.95
Комбенизон цельнокроенный XXL синий;КЦ-18 - Притачать молнию с пластроном,заворачивая верхнюю часть пластрона. На правую полочку.;0;1.54
Комбенизон цельнокроенный XXL синий;КЦ-19 - Притачать молнию к левой полочке;0;1.54
Комбенизон цельнокроенный XXL синий;КЦ-2 - Сложить планку пополам,обтачать концы,вывернуть планку-1 дет.;0;0.71
Комбенизон цельнокроенный XXL синий;КЦ-20 - Закрепить нижний срез планки  отд.строчкой.;0;0.59
Комбенизон цельнокроенный XXL синий;КЦ-21 - сшить слонку;0;0.31
Комбенизон цельнокроенный XXL синий;КЦ-22 (С5) - Резинка рукава;0;1.28
Комбенизон цельнокроенный XXL синий;КЦ-3 - Стачать капюшон -2 дет. Притачать к средней детали левую и правую часть.;0;1.09
Комбенизон цельнокроенный XXL синий;КЦ-4 - Обшить лицевой срез капюшона резинкой;0;0.88
Комбенизон цельнокроенный XXL синий;"КЦ-5 - Стачать средний шов спинки ""ВЕРХНЯЯ ЧАСТЬ КОМБЕНИЗОНА""";0;0.88
Комбенизон цельнокроенный XXL синий;КЦ-7 - Стачать нижний шов рукава-2 дет.;0;1.35
Кофта зеленый;К2 - Настрочить карман;0;0.47
Кофта зеленый;К4 - Стачать плечевые швы;0;0.59
Кофта зеленый;К5 - Втачать рукова;0;1.54
Кофта зеленый;К6 - Стачать боковой шов+рукав;0;1.42
Кофта синий;К2 - Настрочить карман;0;0.47
Кофта синий;К4 - Стачать плечевые швы;0;0.59
Кофта синий;К5 - Втачать рукова;0;1.54
Кофта синий;К6 - Стачать боковой шов+рукав;0;1.42
Лапороскопии зеленый; Л-1;0;1.09
Лапороскопии синий; Л-1;0;1.09
Нарукавники зеленый;Н-1 - стачать нарукавники (пара);0;0.83
Нарукавники зеленый;Н-2 - Проложить строчку (пара)- 6 строчек;0;1.54
Нарукавники синий;Н-1 - стачать нарукавники (пара);0;0.83
Нарукавники синий;Н-2 - Проложить строчку (пара)- 6 строчек;0;1.54
пелюшка 4нитка;ПЕЛ - оверлочить на 4Нитке 2шва;0;1.09
Сорочка для породіллі КОМБІНОВАНА зеленый;СК-1 - Стачать плечевые швы -2 шт.;0;1.07
Сорочка для породіллі КОМБІНОВАНА зеленый;СК-2 - Притачать полоску к пройме -2 шт.;0;1.66
Сорочка для породіллі КОМБІНОВАНА зеленый;СК-3 - притачать полоску к  горловине-1 шт.;0;1.54
Сорочка для породіллі КОМБІНОВАНА зеленый;СК-4 - закрепить складку  на юбке +;0;0.71
Сорочка для породіллі КОМБІНОВАНА зеленый;СК-5 - Притачать  юбку полочки  акрепить лиф;0;1.3
Сорочка для породіллі КОМБІНОВАНА зеленый;СК-6 - Притачать  юбку спинки  к лифу;0;1.07
Сорочка для породіллі КОМБІНОВАНА зеленый;СК-7 - Стачать боковые швы, до надсечки;0;1.66
Сорочка для породіллі КОМБІНОВАНА синий;СК-1 - Стачать плечевые швы -2 шт.;0;1.07
Сорочка для породіллі КОМБІНОВАНА синий;СК-2 - Притачать полоску к пройме -2 шт.;0;1.66
Сорочка для породіллі КОМБІНОВАНА синий;СК-3 - притачать полоску к  горловине-1 шт.;0;1.54
Сорочка для породіллі КОМБІНОВАНА синий;СК-4 - закрепить складку  на юбке +;0;0.71
Сорочка для породіллі КОМБІНОВАНА синий;СК-5 - Притачать  юбку полочки  акрепить лиф;0;1.3
Сорочка для породіллі КОМБІНОВАНА синий;СК-6 - Притачать  юбку спинки  к лифу;0;1.07
Сорочка для породіллі КОМБІНОВАНА синий;СК-7 - Стачать боковые швы, до надсечки;0;1.66
Сорочка оглядова зеленый;СО-1 - Стачать плечевые швы -2 шт.;0;0.83
Сорочка оглядова зеленый;СО-2 - Стачать боковые швы;0;1.3
Сорочка оглядова синий;СО-1 - Стачать плечевые швы -2 шт.;0;0.83
Сорочка оглядова синий;СО-2 - Стачать боковые швы;0;1.3
Стринги зеленый;СТ1 - проложить строчку по бокам до надсечки;0;0.47
Стринги зеленый;СТ2 - закрепить верх с резинкой;0;0.95
Стринги синий;СТ1 - проложить строчку по бокам до надсечки;0;0.47
Стринги синий;СТ2 - закрепить верх с резинкой;0;0.95
Урологичне покриттям для ніг зеленый;ПК3 - скрепить на 4нитке;0;2.84
Урологичне покриттям для ніг синий;ПК3 - скрепить на 4нитке;0;2.84
Фартух зеленый;Ф-1-110 - Питачать пояс  4 дет;0;1.07
Фартух синий;Ф-1-110 - Питачать пояс  4 дет;0;1.07
Халат комб Тип Б A L белый ;C6/4 - Питачать пояс 4 дет;0;1.28
Халат комб Тип Б A L белый ;С1 - Проверить комплектность кроя. Разложить по пачкам запускаа;0;0.0
Халат комб Тип Б A L белый ;С2 - Стачать боковые швы,подкл.пояс (1 на лицо/1 по изнанке);0;1.78
Халат комб Тип Б A L белый ;С3 - Втачать рукава , 2 дет;0;1.56
Халат комб Тип Б A L белый ;С4 - Стачать рукавноплечевой шов 2 дет.;0;1.62
Халат комб Тип Б A L белый ;С5 - Питачать манжеты 2 дет.;0;1.28
Халат комб Тип Б A L белый ;С6/2 - Питачать пояс  2 дет;0;0.83
Халат комб Тип Б A L белый ;С7 - Притачать горловину;0;1.66
Халат комб Тип Б A L белый ;С8 - Стачать рукав (верхнюю с нижней частью)2 дет.;0;0.78
Халат комб Тип Б A L белый ;С9 - притачать кокетку.;0;0.76
Халат комб Тип Б A L зеленый ;C6/4 - Питачать пояс 4 дет;0;1.28
Халат комб Тип Б A L зеленый ;С1 - Проверить комплектность кроя. Разложить по пачкам запускаа;0;0.0
Халат комб Тип Б A L зеленый ;С2 - Стачать боковые швы,подкл.пояс (1 на лицо/1 по изнанке);0;1.78
Халат комб Тип Б A L зеленый ;С3 - Втачать рукава , 2 дет;0;1.56
Халат комб Тип Б A L зеленый ;С4 - Стачать рукавноплечевой шов 2 дет.;0;1.62
Халат комб Тип Б A L зеленый ;С5 - Питачать манжеты 2 дет.;0;1.28
Халат комб Тип Б A L зеленый ;С6/2 - Питачать пояс  2 дет;0;0.83
Халат комб Тип Б A L зеленый ;С7 - Притачать горловину;0;1.66
Халат комб Тип Б A L зеленый ;С8 - Стачать рукав (верхнюю с нижней частью)2 дет.;0;0.78
Халат комб Тип Б A L зеленый ;С9 - притачать кокетку.;0;0.76
Халат комб Тип Б A L синий ;C6/4 - Питачать пояс 4 дет;0;1.28
Халат комб Тип Б A L синий ;С1 - Проверить комплектность кроя. Разложить по пачкам запускаа;0;0.0
Халат комб Тип Б A L синий ;С2 - Стачать боковые швы,подкл.пояс (1 на лицо/1 по изнанке);0;1.78
Халат комб Тип Б A L синий ;С3 - Втачать рукава , 2 дет;0;1.56
Халат комб Тип Б A L синий ;С4 - Стачать рукавноплечевой шов 2 дет.;0;1.62
Халат комб Тип Б A L синий ;С5 - Питачать манжеты 2 дет.;0;1.28
Халат комб Тип Б A L синий ;С6/2 - Питачать пояс  2 дет;0;0.83
Халат комб Тип Б A L синий ;С7 - Притачать горловину;0;1.66
Халат комб Тип Б A L синий ;С8 - Стачать рукав (верхнюю с нижней частью)2 дет.;0;0.78
Халат комб Тип Б A L синий ;С9 - притачать кокетку.;0;0.76
Халат комб Тип Б A XL белый;C6/4 - Питачать пояс 4 дет;0;1.28
Халат комб Тип Б A XL белый;С1 - Проверить комплектность кроя. Разложить по пачкам запускаа;0;0.0
Халат комб Тип Б A XL белый;С2 - Стачать боковые швы,подкл.пояс (1 на лицо/1 по изнанке);0;1.78
Халат комб Тип Б A XL белый;С3 - Втачать рукава , 2 дет;0;1.56
Халат комб Тип Б A XL белый;С4 - Стачать рукавноплечевой шов 2 дет.;0;1.61
Халат комб Тип Б A XL белый;С5 - Питачать манжеты 2 дет.;0;1.28
Халат комб Тип Б A XL белый;С6/2 - Питачать пояс  2 дет;0;0.83
Халат комб Тип Б A XL белый;С7 - Притачать горловину;0;1.66
Халат комб Тип Б A XL белый;С8 - Стачать рукав (верхнюю с нижней частью)2 дет.;0;0.78
Халат комб Тип Б A XL белый;С9 - притачать кокетку.;0;0.76
Халат комб Тип Б A XL белый зеленый рукав;C6/4 - Питачать пояс 4 дет;0;1.28
Халат комб Тип Б A XL белый зеленый рукав;С1 - Проверить комплектность кроя. Разложить по пачкам запускаа;0;0.0
Халат комб Тип Б A XL белый зеленый рукав;С2 - Стачать боковые швы,подкл.пояс (1 на лицо/1 по изнанке);0;0.0
Халат комб Тип Б A XL белый зеленый рукав;С3 - Втачать рукава , 2 дет;0;1.56
Халат комб Тип Б A XL белый зеленый рукав;С4 - Стачать рукавноплечевой шов 2 дет.;0;1.61
Халат комб Тип Б A XL белый зеленый рукав;С5 - Питачать манжеты 2 дет.;0;1.28
Халат комб Тип Б A XL белый зеленый рукав;С6/2 - Питачать пояс  2 дет;0;0.83
Халат комб Тип Б A XL белый зеленый рукав;С7 - Притачать горловину;0;1.66
Халат комб Тип Б A XL белый зеленый рукав;С8 - Стачать рукав (верхнюю с нижней частью)2 дет.;0;0.78
Халат комб Тип Б A XL белый зеленый рукав;С9 - притачать кокетку.;0;0.76
Халат комб Тип Б A XL белый синий рукав;C6/4 - Питачать пояс 4 дет;0;1.28
Халат комб Тип Б A XL белый синий рукав;С1 - Проверить комплектность кроя. Разложить по пачкам запускаа;0;0.0
Халат комб Тип Б A XL белый синий рукав;С2 - Стачать боковые швы,подкл.пояс (1 на лицо/1 по изнанке);0;1.78
Халат комб Тип Б A XL белый синий рукав;С3 - Втачать рукава , 2 дет;0;1.56
Халат комб Тип Б A XL белый синий рукав;С4 - Стачать рукавноплечевой шов 2 дет.;0;1.61
Халат комб Тип Б A XL белый синий рукав;С5 - Питачать манжеты 2 дет.;0;1.28
Халат комб Тип Б A XL белый синий рукав;С6/2 - Питачать пояс  2 дет;0;0.83
Халат комб Тип Б A XL белый синий рукав;С7 - Притачать горловину;0;1.66
Халат комб Тип Б A XL белый синий рукав;С8 - Стачать рукав (верхнюю с нижней частью)2 дет.;0;0.78
Халат комб Тип Б A XL белый синий рукав;С9 - притачать кокетку.;0;0.76
Халат комб Тип Б A XL зеленый;C6/4 - Питачать пояс 4 дет;0;1.28
Халат комб Тип Б A XL зеленый;С1 - Проверить комплектность кроя. Разложить по пачкам запускаа;0;0.0
Халат комб Тип Б A XL зеленый;С2 - Стачать боковые швы,подкл.пояс (1 на лицо/1 по изнанке);0;1.78
Халат комб Тип Б A XL зеленый;С3 - Втачать рукава , 2 дет;0;1.56
Халат комб Тип Б A XL зеленый;С4 - Стачать рукавноплечевой шов 2 дет.;0;1.61
Халат комб Тип Б A XL зеленый;С5 - Питачать манжеты 2 дет.;0;1.28
Халат комб Тип Б A XL зеленый;С6/2 - Питачать пояс  2 дет;0;0.83
Халат комб Тип Б A XL зеленый;С7 - Притачать горловину;0;1.66
Халат комб Тип Б A XL зеленый;С8 - Стачать рукав (верхнюю с нижней частью)2 дет.;0;0.78
Халат комб Тип Б A XL зеленый;С9 - притачать кокетку.;0;0.76
Халат комб Тип Б A XL синий;C6/4 - Питачать пояс 4 дет;0;1.28
Халат комб Тип Б A XL синий;С1 - Проверить комплектность кроя. Разложить по пачкам запускаа;0;0.0
Халат комб Тип Б A XL синий;С2 - Стачать боковые швы,подкл.пояс (1 на лицо/1 по изнанке);0;1.78
Халат комб Тип Б A XL синий;С3 - Втачать рукава , 2 дет;0;1.56
Халат комб Тип Б A XL синий;С4 - Стачать рукавноплечевой шов 2 дет.;0;1.61
Халат комб Тип Б A XL синий;С5 - Питачать манжеты 2 дет.;0;1.28
Халат комб Тип Б A XL синий;С6/2 - Питачать пояс  2 дет;0;0.83
Халат комб Тип Б A XL синий;С7 - Притачать горловину;0;1.66
Халат комб Тип Б A XL синий;С8 - Стачать рукав (верхнюю с нижней частью)2 дет.;0;0.78
Халат комб Тип Б A XL синий;С9 - притачать кокетку.;0;0.76
Халат комб Тип Б A XXL белый;C6/4 - Питачать пояс 4 дет;0;1.28
Халат комб Тип Б A XXL белый;С1 - Проверить комплектность кроя. Разложить по пачкам запускаа;0;0.0
Халат комб Тип Б A XXL белый;С2 - Стачать боковые швы,подкл.пояс (1 на лицо/1 по изнанке);0;1.78
Халат комб Тип Б A XXL белый;С3 - Втачать рукава , 2 дет;0;1.56
Халат комб Тип Б A XXL белый;С4 - Стачать рукавноплечевой шов 2 дет.;0;1.61
Халат комб Тип Б A XXL белый;С5 - Питачать манжеты 2 дет.;0;1.28
Халат комб Тип Б A XXL белый;С6/2 - Питачать пояс  2 дет;0;
Халат комб Тип Б A XXL белый;С7 - Притачать горловину;0;1.66
Халат комб Тип Б A XXL белый;С8 - Стачать рукав (верхнюю с нижней частью)2 дет.;0;0.78
Халат комб Тип Б A XXL белый;С9 - притачать кокетку.;0;0.76
Халат комб Тип Б A XXL зеленый;C6/4 - Питачать пояс 4 дет;0;1.28
Халат комб Тип Б A XXL зеленый;С1 - Проверить комплектность кроя. Разложить по пачкам запускаа;0;0.0
Халат комб Тип Б A XXL зеленый;С2 - Стачать боковые швы,подкл.пояс (1 на лицо/1 по изнанке);0;1.78
Халат комб Тип Б A XXL зеленый;С3 - Втачать рукава , 2 дет;0;1.56
Халат комб Тип Б A XXL зеленый;С4 - Стачать рукавноплечевой шов 2 дет.;0;1.61
Халат комб Тип Б A XXL зеленый;С5 - Питачать манжеты 2 дет.;0;1.28
Халат комб Тип Б A XXL зеленый;С6/2 - Питачать пояс  2 дет;0;0.83
Халат комб Тип Б A XXL зеленый;С7 - Притачать горловину;0;1.66
Халат комб Тип Б A XXL зеленый;С8 - Стачать рукав (верхнюю с нижней частью)2 дет.;0;0.78
Халат комб Тип Б A XXL зеленый;С9 - притачать кокетку.;0;0.76
Халат комб Тип Б A XXL синий;C6/4 - Питачать пояс 4 дет;0;1.28
Халат комб Тип Б A XXL синий;С1 - Проверить комплектность кроя. Разложить по пачкам запускаа;0;0.0
Халат комб Тип Б A XXL синий;С2 - Стачать боковые швы,подкл.пояс (1 на лицо/1 по изнанке);0;1.78
Халат комб Тип Б A XXL синий;С3 - Втачать рукава , 2 дет;0;1.56
Халат комб Тип Б A XXL синий;С4 - Стачать рукавноплечевой шов 2 дет.;0;1.61
Халат комб Тип Б A XXL синий;С5 - Питачать манжеты 2 дет.;0;1.28
Халат комб Тип Б A XXL синий;С6/2 - Питачать пояс  2 дет;0;0.83
Халат комб Тип Б A XXL синий;С7 - Притачать горловину;0;1.66
Халат комб Тип Б A XXL синий;С8 - Стачать рукав (верхнюю с нижней частью)2 дет.;0;0.78
Халат комб Тип Б A XXL синий;С9 - притачать кокетку.;0;0.76
Халат комб Тип Б A рукав комб  L белый;C6/4 - Питачать пояс 4 дет;0;1.28
Халат комб Тип Б A рукав комб  L белый;С1 - Проверить комплектность кроя. Разложить по пачкам запускаа;0;0.0
Халат комб Тип Б A рукав комб  L белый;С2 - Стачать боковые швы,подкл.пояс (1 на лицо/1 по изнанке);0;1.78
Халат комб Тип Б A рукав комб  L белый;С3 - Втачать рукава , 2 дет;0;1.56
Халат комб Тип Б A рукав комб  L белый;С4 - Стачать рукавноплечевой шов 2 дет.;0;1.61
Халат комб Тип Б A рукав комб  L белый;С5 - Питачать манжеты 2 дет.;0;1.28
Халат комб Тип Б A рукав комб  L белый;С6/2 - Питачать пояс  2 дет;0;0.83
Халат комб Тип Б A рукав комб  L белый;С7 - Притачать горловину;0;1.66
Халат комб Тип Б A рукав комб  L белый;С8 - Стачать рукав (верхнюю с нижней частью)2 дет.;0;0.78
Халат комб Тип Б A рукав комб  L белый;С9 - притачать кокетку.;0;0.76
Халат комб Тип Б A рукав комб  L зеленый;C6/4 - Питачать пояс 4 дет;0;1.28
Халат комб Тип Б A рукав комб  L зеленый;С1 - Проверить комплектность кроя. Разложить по пачкам запускаа;0;0.0
Халат комб Тип Б A рукав комб  L зеленый;С2 - Стачать боковые швы,подкл.пояс (1 на лицо/1 по изнанке);0;1.78
Халат комб Тип Б A рукав комб  L зеленый;С3 - Втачать рукава , 2 дет;0;1.56
Халат комб Тип Б A рукав комб  L зеленый;С4 - Стачать рукавноплечевой шов 2 дет.;0;1.61
Халат комб Тип Б A рукав комб  L зеленый;С5 - Питачать манжеты 2 дет.;0;1.28
Халат комб Тип Б A рукав комб  L зеленый;С6/2 - Питачать пояс  2 дет;0;0.83
Халат комб Тип Б A рукав комб  L зеленый;С7 - Притачать горловину;0;1.66
Халат комб Тип Б A рукав комб  L зеленый;С8 - Стачать рукав (верхнюю с нижней частью)2 дет.;0;0.78
Халат комб Тип Б A рукав комб  L зеленый;С9 - притачать кокетку.;0;0.76
Халат комб Тип Б A рукав комб  L синий;C6/4 - Питачать пояс 4 дет;0;1.28
Халат комб Тип Б A рукав комб  L синий;С1 - Проверить комплектность кроя. Разложить по пачкам запускаа;0;0.0
Халат комб Тип Б A рукав комб  L синий;С2 - Стачать боковые швы,подкл.пояс (1 на лицо/1 по изнанке);0;1.78
Халат комб Тип Б A рукав комб  L синий;С3 - Втачать рукава , 2 дет;0;1.56
Халат комб Тип Б A рукав комб  L синий;С4 - Стачать рукавноплечевой шов 2 дет.;0;1.61
Халат комб Тип Б A рукав комб  L синий;С5 - Питачать манжеты 2 дет.;0;1.28
Халат комб Тип Б A рукав комб  L синий;С6/2 - Питачать пояс  2 дет;0;0.83
Халат комб Тип Б A рукав комб  L синий;С7 - Притачать горловину;0;1.66
Халат комб Тип Б A рукав комб  L синий;С8 - Стачать рукав (верхнюю с нижней частью)2 дет.;0;0.78
Халат комб Тип Б A рукав комб  L синий;С9 - притачать кокетку.;0;0.76
Халат комб Тип Б A рукав комб  M белый;C6/4 - Питачать пояс 4 дет;0;1.28
Халат комб Тип Б A рукав комб  M белый;С1 - Проверить комплектность кроя. Разложить по пачкам запускаа;0;0.0
Халат комб Тип Б A рукав комб  M белый;С2 - Стачать боковые швы,подкл.пояс (1 на лицо/1 по изнанке);0;1.78
Халат комб Тип Б A рукав комб  M белый;С3 - Втачать рукава , 2 дет;0;1.56
Халат комб Тип Б A рукав комб  M белый;С4 - Стачать рукавноплечевой шов 2 дет.;0;1.61
Халат комб Тип Б A рукав комб  M белый;С5 - Питачать манжеты 2 дет.;0;1.28
Халат комб Тип Б A рукав комб  M белый;С6/2 - Питачать пояс  2 дет;0;0.83
Халат комб Тип Б A рукав комб  M белый;С7 - Притачать горловину;0;1.66
Халат комб Тип Б A рукав комб  M белый;С8 - Стачать рукав (верхнюю с нижней частью)2 дет.;0;0.78
Халат комб Тип Б A рукав комб  M белый;С9 - притачать кокетку.;0;0.76
Халат комб Тип Б A рукав комб  M зеленый;C6/4 - Питачать пояс 4 дет;0;1.28
Халат комб Тип Б A рукав комб  M зеленый;С1 - Проверить комплектность кроя. Разложить по пачкам запускаа;0;0.0
Халат комб Тип Б A рукав комб  M зеленый;С2 - Стачать боковые швы,подкл.пояс (1 на лицо/1 по изнанке);0;1.78
Халат комб Тип Б A рукав комб  M зеленый;С3 - Втачать рукава , 2 дет;0;1.56
Халат комб Тип Б A рукав комб  M зеленый;С4 - Стачать рукавноплечевой шов 2 дет.;0;1.61
Халат комб Тип Б A рукав комб  M зеленый;С5 - Питачать манжеты 2 дет.;0;1.28
Халат комб Тип Б A рукав комб  M зеленый;С6/2 - Питачать пояс  2 дет;0;0.83
Халат комб Тип Б A рукав комб  M зеленый;С7 - Притачать горловину;0;1.66
Халат комб Тип Б A рукав комб  M зеленый;С8 - Стачать рукав (верхнюю с нижней частью)2 дет.;0;0.78
Халат комб Тип Б A рукав комб  M зеленый;С9 - притачать кокетку.;0;0.76
Халат комб Тип Б A рукав комб  M синий;C6/4 - Питачать пояс 4 дет;0;1.28
Халат комб Тип Б A рукав комб  M синий;С1 - Проверить комплектность кроя. Разложить по пачкам запускаа;0;0.0
Халат комб Тип Б A рукав комб  M синий;С2 - Стачать боковые швы,подкл.пояс (1 на лицо/1 по изнанке);0;1.78
Халат комб Тип Б A рукав комб  M синий;С3 - Втачать рукава , 2 дет;0;1.56
Халат комб Тип Б A рукав комб  M синий;С4 - Стачать рукавноплечевой шов 2 дет.;0;1.61
Халат комб Тип Б A рукав комб  M синий;С5 - Питачать манжеты 2 дет.;0;1.28
Халат комб Тип Б A рукав комб  M синий;С6/2 - Питачать пояс  2 дет;0;0.83
Халат комб Тип Б A рукав комб  M синий;С7 - Притачать горловину;0;1.66
Халат комб Тип Б A рукав комб  M синий;С8 - Стачать рукав (верхнюю с нижней частью)2 дет.;0;0.78
Халат комб Тип Б A рукав комб  M синий;С9 - притачать кокетку.;0;0.76
Халат комб Тип Б A рукав комб  XL белый;C6/4 - Питачать пояс 4 дет;0;1.28
Халат комб Тип Б A рукав комб  XL белый;С1 - Проверить комплектность кроя. Разложить по пачкам запускаа;0;0.0
Халат комб Тип Б A рукав комб  XL белый;С2 - Стачать боковые швы,подкл.пояс (1 на лицо/1 по изнанке);0;1.78
Халат комб Тип Б A рукав комб  XL белый;С3 - Втачать рукава , 2 дет;0;1.56
Халат комб Тип Б A рукав комб  XL белый;С4 - Стачать рукавноплечевой шов 2 дет.;0;1.61
Халат комб Тип Б A рукав комб  XL белый;С5 - Питачать манжеты 2 дет.;0;1.28
Халат комб Тип Б A рукав комб  XL белый;С6/2 - Питачать пояс  2 дет;0;0.83
Халат комб Тип Б A рукав комб  XL белый;С7 - Притачать горловину;0;1.66
Халат комб Тип Б A рукав комб  XL белый;С8 - Стачать рукав (верхнюю с нижней частью)2 дет.;0;0.78
Халат комб Тип Б A рукав комб  XL белый;С9 - притачать кокетку.;0;0.76
Халат комб Тип Б A рукав комб  XL зеленый;C6/4 - Питачать пояс 4 дет;0;1.28
Халат комб Тип Б A рукав комб  XL зеленый;С1 - Проверить комплектность кроя. Разложить по пачкам запускаа;0;0.0
Халат комб Тип Б A рукав комб  XL зеленый;С2 - Стачать боковые швы,подкл.пояс (1 на лицо/1 по изнанке);0;1.78
Халат комб Тип Б A рукав комб  XL зеленый;С3 - Втачать рукава , 2 дет;0;1.56
Халат комб Тип Б A рукав комб  XL зеленый;С4 - Стачать рукавноплечевой шов 2 дет.;0;1.61
Халат комб Тип Б A рукав комб  XL зеленый;С5 - Питачать манжеты 2 дет.;0;1.28
Халат комб Тип Б A рукав комб  XL зеленый;С6/2 - Питачать пояс  2 дет;0;0.83
Халат комб Тип Б A рукав комб  XL зеленый;С7 - Притачать горловину;0;1.66
Халат комб Тип Б A рукав комб  XL зеленый;С8 - Стачать рукав (верхнюю с нижней частью)2 дет.;0;0.78
Халат комб Тип Б A рукав комб  XL зеленый;С9 - притачать кокетку.;0;0.76
Халат комб Тип Б A рукав комб  XL синий;C6/4 - Питачать пояс 4 дет;0;1.28
Халат комб Тип Б A рукав комб  XL синий;С1 - Проверить комплектность кроя. Разложить по пачкам запускаа;0;0.0
Халат комб Тип Б A рукав комб  XL синий;С2 - Стачать боковые швы,подкл.пояс (1 на лицо/1 по изнанке);0;1.78
Халат комб Тип Б A рукав комб  XL синий;С3 - Втачать рукава , 2 дет;0;1.56
Халат комб Тип Б A рукав комб  XL синий;С4 - Стачать рукавноплечевой шов 2 дет.;0;1.61
Халат комб Тип Б A рукав комб  XL синий;С5 - Питачать манжеты 2 дет.;0;1.28
Халат комб Тип Б A рукав комб  XL синий;С6/2 - Питачать пояс  2 дет;0;0.83
Халат комб Тип Б A рукав комб  XL синий;С7 - Притачать горловину;0;1.66
Халат комб Тип Б A рукав комб  XL синий;С8 - Стачать рукав (верхнюю с нижней частью)2 дет.;0;0.78
Халат комб Тип Б A рукав комб  XL синий;С9 - притачать кокетку.;0;0.76
Халат комб Тип Б A рукав комб  XXL белый;C6/4 - Питачать пояс 4 дет;0;1.28
Халат комб Тип Б A рукав комб  XXL белый;С1 - Проверить комплектность кроя. Разложить по пачкам запускаа;0;0.0
Халат комб Тип Б A рукав комб  XXL белый;С2 - Стачать боковые швы,подкл.пояс (1 на лицо/1 по изнанке);0;1.78
Халат комб Тип Б A рукав комб  XXL белый;С3 - Втачать рукава , 2 дет;0;1.56
Халат комб Тип Б A рукав комб  XXL белый;С4 - Стачать рукавноплечевой шов 2 дет.;0;1.61
Халат комб Тип Б A рукав комб  XXL белый;С5 - Питачать манжеты 2 дет.;0;1.28
Халат комб Тип Б A рукав комб  XXL белый;С6/2 - Питачать пояс  2 дет;0;0.83
Халат комб Тип Б A рукав комб  XXL белый;С7 - Притачать горловину;0;1.66
Халат комб Тип Б A рукав комб  XXL белый;С8 - Стачать рукав (верхнюю с нижней частью)2 дет.;0;0.78
Халат комб Тип Б A рукав комб  XXL белый;С9 - притачать кокетку.;0;0.76
Халат комб Тип Б A рукав комб  XXL зеленый;C6/4 - Питачать пояс 4 дет;0;1.28
Халат комб Тип Б A рукав комб  XXL зеленый;С1 - Проверить комплектность кроя. Разложить по пачкам запускаа;0;0.0
Халат комб Тип Б A рукав комб  XXL зеленый;С2 - Стачать боковые швы,подкл.пояс (1 на лицо/1 по изнанке);0;1.78
Халат комб Тип Б A рукав комб  XXL зеленый;С3 - Втачать рукава , 2 дет;0;1.56
Халат комб Тип Б A рукав комб  XXL зеленый;С4 - Стачать рукавноплечевой шов 2 дет.;0;1.61
Халат комб Тип Б A рукав комб  XXL зеленый;С5 - Питачать манжеты 2 дет.;0;1.28
Халат комб Тип Б A рукав комб  XXL зеленый;С6/2 - Питачать пояс  2 дет;0;0.83
Халат комб Тип Б A рукав комб  XXL зеленый;С7 - Притачать горловину;0;1.66
Халат комб Тип Б A рукав комб  XXL зеленый;С8 - Стачать рукав (верхнюю с нижней частью)2 дет.;0;0.78
Халат комб Тип Б A рукав комб  XXL зеленый;С9 - притачать кокетку.;0;0.76
Халат комб Тип Б A рукав комб  XXL синий;C6/4 - Питачать пояс 4 дет;0;1.28
Халат комб Тип Б A рукав комб  XXL синий;С1 - Проверить комплектность кроя. Разложить по пачкам запускаа;0;0.0
Халат комб Тип Б A рукав комб  XXL синий;С2 - Стачать боковые швы,подкл.пояс (1 на лицо/1 по изнанке);0;1.78
Халат комб Тип Б A рукав комб  XXL синий;С3 - Втачать рукава , 2 дет;0;1.56
Халат комб Тип Б A рукав комб  XXL синий;С4 - Стачать рукавноплечевой шов 2 дет.;0;1.61
Халат комб Тип Б A рукав комб  XXL синий;С5 - Питачать манжеты 2 дет.;0;1.28
Халат комб Тип Б A рукав комб  XXL синий;С6/2 - Питачать пояс  2 дет;0;0.83
Халат комб Тип Б A рукав комб  XXL синий;С7 - Притачать горловину;0;1.66
Халат комб Тип Б A рукав комб  XXL синий;С8 - Стачать рукав (верхнюю с нижней частью)2 дет.;0;0.78
Халат комб Тип Б A рукав комб  XXL синий;С9 - притачать кокетку.;0;0.76
Халат липуч  M зеленый;С1 - Проверить комплектность кроя. Разложить по пачкам запускаа;0;0.0
Халат липуч  M зеленый;С3 - Втачать рукава , 2 дет;0;1.33
Халат липуч  M зеленый;С4 - Стачать рукавноплечевой шов 2 дет.;0;1.37
Халат липуч  M зеленый;С5 - Питачать манжеты 2 дет.;0;1.16
Халат липуч  M зеленый;С6/4 - Питачать пояс  4 дет;0;1.28
Халат липуч  M зеленый;С7 - Притачать горловину;0;1.3
Халат липуч  M зеленый;С7/2 - нарезать и пришить липучку на горловину;0;1.11
Халат липуч L зеленый;С1 - Проверить комплектность кроя. Разложить по пачкам запускаа;0;0.0
Халат липуч L зеленый;С3 - Втачать рукава , 2 дет;0;1.33
Халат липуч L зеленый;С4 - Стачать рукавноплечевой шов 2 дет.;0;1.37
Халат липуч L зеленый;С5 - Питачать манжеты 2 дет.;0;1.16
Халат липуч L зеленый;С6/4 - Питачать пояс  4 дет;0;1.28
Халат липуч L зеленый;С7 - Притачать горловину;0;1.3
Халат липуч L зеленый;С7/2 - нарезать и пришить липучку на горловину;0;1.11
Халат липуч L синий;С1 - Проверить комплектность кроя. Разложить по пачкам запускаа;0;0.0
Халат липуч L синий;С3 - Втачать рукава , 2 дет;0;1.33
Халат липуч L синий;С4 - Стачать рукавноплечевой шов 2 дет.;0;1.37
Халат липуч L синий;С5 - Питачать манжеты 2 дет.;0;1.16
Халат липуч L синий;С6/4 - Питачать пояс  4 дет;0;1.28
Халат липуч L синий;С7 - Притачать горловину;0;1.3
Халат липуч L синий;С7/2 - нарезать и пришить липучку на горловину;0;1.11
Халат липуч M синий;С1 - Проверить комплектность кроя. Разложить по пачкам запускаа;0;0.0
Халат липуч M синий;С3 - Втачать рукава , 2 дет;0;1.33
Халат липуч M синий;С4 - Стачать рукавноплечевой шов 2 дет.;0;1.37
Халат липуч M синий;С5 - Питачать манжеты 2 дет.;0;1.16
Халат липуч M синий;С6/4 - Питачать пояс  4 дет;0;1.28
Халат липуч M синий;С7 - Притачать горловину;0;1.3
Халат липуч M синий;С7/2 - нарезать и пришить липучку на горловину;0;1.11
Халат липуч XL зеленый;С1 - Проверить комплектность кроя. Разложить по пачкам запускаа;0;0.0
Халат липуч XL зеленый;С3 - Втачать рукава , 2 дет;0;1.33
Халат липуч XL зеленый;С4 - Стачать рукавноплечевой шов 2 дет.;0;1.37
Халат липуч XL зеленый;С5 - Питачать манжеты 2 дет.;0;1.16
Халат липуч XL зеленый;С6/4 - Питачать пояс  4 дет;0;1.28
Халат липуч XL зеленый;С7 - Притачать горловину;0;1.3
Халат липуч XL зеленый;С7/2 - нарезать и пришить липучку на горловину;0;1.11
Халат липуч XL синий;С1 - Проверить комплектность кроя. Разложить по пачкам запускаа;0;0.0
Халат липуч XL синий;С3 - Втачать рукава , 2 дет;0;1.33
Халат липуч XL синий;С4 - Стачать рукавноплечевой шов 2 дет.;0;1.37
Халат липуч XL синий;С5 - Питачать манжеты 2 дет.;0;1.16
Халат липуч XL синий;С6/4 - Питачать пояс  4 дет;0;1.28
Халат липуч XL синий;С7 - Притачать горловину;0;1.3
Халат липуч XL синий;С7/2 - нарезать и пришить липучку на горловину;0;1.11
Халат липуч зеленыйXXL;С1 - Проверить комплектность кроя. Разложить по пачкам запускаа;0;0.0
Халат липуч зеленыйXXL;С3 - Втачать рукава , 2 дет;0;1.33
Халат липуч зеленыйXXL;С4 - Стачать рукавноплечевой шов 2 дет.;0;1.37
Халат липуч зеленыйXXL;С5 - Питачать манжеты 2 дет.;0;1.16
Халат липуч зеленыйXXL;С6/4 - Питачать пояс  4 дет;0;1.28
Халат липуч зеленыйXXL;С7 - Притачать горловину;0;1.3
Халат липуч зеленыйXXL;С7/2 - нарезать и пришить липучку на горловину;0;1.11
Халат липуч синийXXL;С1 - Проверить комплектность кроя. Разложить по пачкам запускаа;0;0.0
Халат липуч синийXXL;С3 - Втачать рукава , 2 дет;0;1.33
Халат липуч синийXXL;С4 - Стачать рукавноплечевой шов 2 дет.;0;1.37
Халат липуч синийXXL;С5 - Питачать манжеты 2 дет.;0;1.16
Халат липуч синийXXL;С6/4 - Питачать пояс  4 дет;0;1.28
Халат липуч синийXXL;С7 - Притачать горловину;0;1.3
Халат липуч синийXXL;С7/2 - нарезать и пришить липучку на горловину;0;1.11
ХалатХирург L зеленый;C1 - Проверить комплектность кроя. Разложить по пачкам запускаа;0;0.0
ХалатХирург L зеленый;C3 - Втачать рукава , 2 дет;0;1.33
ХалатХирург L зеленый;C4 - Стачать рукавноплечевой шов 2 дет.;0;1.37
ХалатХирург L зеленый;C5 - Питачать манжеты 2 дет.;0;1.16
ХалатХирург L зеленый;C6/4 - Питачать пояс  4 дет;0;1.28
ХалатХирург L зеленый;C7 - Притачать горловину;0;1.3
ХалатХирург L зеленый;C7/1;0;0.0
ХалатХирург L синий;C1 - Проверить комплектность кроя. Разложить по пачкам запускаа;0;0.0
ХалатХирург L синий;C3 - Втачать рукава , 2 дет;0;1.33
ХалатХирург L синий;C4 - Стачать рукавноплечевой шов 2 дет.;0;1.37
ХалатХирург L синий;C5 - Питачать манжеты 2 дет.;0;1.16
ХалатХирург L синий;C6/4 - Питачать пояс  4 дет;0;1.28
ХалатХирург L синий;C7 - Притачать горловину;0;1.3
ХалатХирург L синий;C7/1;0;0.0
ХалатХирург M зеленый;C1 - Проверить комплектность кроя. Разложить по пачкам запускаа;0;0.0
ХалатХирург M зеленый;C3 - Втачать рукава , 2 дет;0;1.33
ХалатХирург M зеленый;C4 - Стачать рукавноплечевой шов 2 дет.;0;1.37
ХалатХирург M зеленый;C5 - Питачать манжеты 2 дет.;0;1.16
ХалатХирург M зеленый;C6/4 - Питачать пояс  4 дет;0;1.28
ХалатХирург M зеленый;C7 - Притачать горловину;0;1.3
ХалатХирург M зеленый;C7/1;0;0.0
ХалатХирург M синий;C1 - Проверить комплектность кроя. Разложить по пачкам запускаа;0;0.0
ХалатХирург M синий;C3 - Втачать рукава , 2 дет;0;1.33
ХалатХирург M синий;C4 - Стачать рукавноплечевой шов 2 дет.;0;1.37
ХалатХирург M синий;C5 - Питачать манжеты 2 дет.;0;1.16
ХалатХирург M синий;C6/4 - Питачать пояс  4 дет;0;1.28
ХалатХирург M синий;C7 - Притачать горловину;0;1.3
ХалатХирург M синий;C7/1;0;0.0
ХалатХирург XL зеленый;C1 - Проверить комплектность кроя. Разложить по пачкам запускаа;0;0.0
ХалатХирург XL зеленый;C3 - Втачать рукава , 2 дет;0;1.33
ХалатХирург XL зеленый;C4 - Стачать рукавноплечевой шов 2 дет.;0;1.37
ХалатХирург XL зеленый;C5 - Питачать манжеты 2 дет.;0;1.16
ХалатХирург XL зеленый;C6/4 - Питачать пояс  4 дет;0;1.28
ХалатХирург XL зеленый;C7 - Притачать горловину;0;1.3
ХалатХирург XL зеленый;C7/1;0;0.0
ХалатХирург XL синий;C1 - Проверить комплектность кроя. Разложить по пачкам запускаа;0;0.0
ХалатХирург XL синий;C3 - Втачать рукава , 2 дет;0;1.33
ХалатХирург XL синий;C4 - Стачать рукавноплечевой шов 2 дет.;0;1.37
ХалатХирург XL синий;C5 - Питачать манжеты 2 дет.;0;1.16
ХалатХирург XL синий;C6/4 - Питачать пояс  4 дет;0;1.28
ХалатХирург XL синий;C7 - Притачать горловину;0;1.3
ХалатХирург XL синий;C7/1;0;0.0
ХалатХирург XXL зеленый;C1 - Проверить комплектность кроя. Разложить по пачкам запускаа;0;0.0
ХалатХирург XXL зеленый;C3 - Втачать рукава , 2 дет;0;1.33
ХалатХирург XXL зеленый;C4 - Стачать рукавноплечевой шов 2 дет.;0;1.37
ХалатХирург XXL зеленый;C5 - Питачать манжеты 2 дет.;0;1.16
ХалатХирург XXL зеленый;C6/4 - Питачать пояс  4 дет;0;1.28
ХалатХирург XXL зеленый;C7 - Притачать горловину;0;1.3
ХалатХирург XXL зеленый;C7/1;0;0.0
ХалатХирург XXL синий;C1 - Проверить комплектность кроя. Разложить по пачкам запускаа;0;0.0
ХалатХирург XXL синий;C3 - Втачать рукава , 2 дет;0;1.33
ХалатХирург XXL синий;C4 - Стачать рукавноплечевой шов 2 дет.;0;1.37
ХалатХирург XXL синий;C5 - Питачать манжеты 2 дет.;0;1.16
ХалатХирург XXL синий;C6/4 - Питачать пояс  4 дет;0;1.28
ХалатХирург XXL синий;C7 - Притачать горловину;0;1.3
ХалатХирург XXL синий;C7/1;0;0.0
Чехол для ноги 2шва зеленый;Ч-4-110;0;2.46
Чехол для ноги 2шва синий;Ч-4-110;0;2.46
Чехол для ноги зеленый;Ч-3-110;0;1.47
Чехол для ноги синий;Ч-3-110;0;1.47
Чехол для светловода ламинад 2 строчки зеленый;Ч-1-110/С;0;3.08
Чехол для светловода ламинад 2 строчки синий;Ч-1-110/С;0;3.08
Чехол для светловода ламинад зеленый;Ч-2-110;0;1.85
Чехол для светловода ламинад синий;Ч-2-110;0;1.85
Чехол для светловода СМС 35 2 строчки зеленый;Ч-1-110/А;0;2.58
Чехол для светловода СМС 35 2 строчки синий;Ч-1-110/А;0;2.58
Чехол для светловода СМС 35 зеленый;Ч-1-110;0;1.52
Чехол для светловода СМС 35 синий;Ч-1-110;0;1.52
Чехол Мейо зеленый;Ч-1 - Собрать чехол Мейо;0;2.39
Чехол Мейо синий;Ч-1 - Собрать чехол Мейо;0;2.39
Чехол на резинке Круг зеленый;ЧХР-1;0;1.71
Чехол на резинке Круг синий;ЧХР-1;0;1.71
Чехол на резинке полиетилен Круг;ЧХР-2 - 1 метр;0;2.42
Чехол на резинке полиетилен Круг;ЧХР-3 - диаметр 1,5;0;3.63
Шапка шолом зеленый;Ш-1 - Соединить  верх с боковой частью;0;1.07
Шапка шолом зеленый;Ш-2 - притачать полоску;0;0.71
Шапка шолом зеленый;Ш-3 - Стачать центральную часть;0;0.24
Шапка шолом синий;Ш-1 - Соединить  верх с боковой частью;0;1.07
Шапка шолом синий;Ш-2 - притачать полоску;0;0.71
Шапка шолом синий;Ш-3 - Стачать центральную часть;0;0.24
Шорти зеленый;КБ-1/1 - стачать шов сидения;0;0.95
Шорти зеленый;КБ-2/1 - Стачать шаговій шов;0;0.71
Шорти зеленый;КБ-3/1 - Притачить резинку на оверлоке;0;1.07
Шорти проктологічні зеленый;КБ-1 - стачать шов сидения;0;0.59
Шорти проктологічні зеленый;КБ-2 - Стачать шаговій шов;0;0.71
Шорти проктологічні зеленый;КБ-3 - Притачить резинку на оверлоке;0;1.07
Шорти проктологічні синий;КБ-1 - стачать шов сидения;0;0.59
Шорти проктологічні синий;КБ-2 - Стачать шаговій шов;0;0.71
Шорти проктологічні синий;КБ-3 - Притачить резинку на оверлоке;0;1.07
Шорти синий;КБ-1/1 - стачать шов сидения;0;0.95
Шорти синий;КБ-2/1 - Стачать шаговій шов;0;0.71
Шорти синий;КБ-3/1 - Притачить резинку на оверлоке;0;1.07
Штаны зеленый;Ш-1 - стачать шов сидения (перед);0;0.59
Штаны зеленый;Ш1/2 - стачать шов сидения (зад);0;0.83
Штаны зеленый;Ш-2 - Стачать шаговій шов;0;1.42
Штаны зеленый;Ш-3 - Притачить резинку на оверлоке;0;1.07
Штаны синий;Ш-1 - стачать шов сидения (перед);0;0.59
Штаны синий;Ш1/2 - стачать шов сидения (зад);0;0.83
Штаны синий;Ш-2 - Стачать шаговій шов;0;1.42
Штаны синий;Ш-3 - Притачить резинку на оверлоке;0;1.07
